BEGIN;
INSERT INTO s335141.groups (id) VALUES (33000) ON CONFLICT DO NOTHING;
INSERT INTO s335141.discipline_prerequisites (discipline_id, prerequisite_id) VALUES (6132, 6196) ON CONFLICT DO NOTHING;
INSERT INTO s335141.discipline_prerequisites (discipline_id, prerequisite_id) VALUES (6230, 6132) ON CONFLICT DO NOTHING;
INSERT INTO s335141.discipline_prerequisites (discipline_id, prerequisite_id) VALUES (6230, 6383) ON CONFLICT DO NOTHING;
INSERT INTO s335141.discipline_prerequisites (discipline_id, prerequisite_id) VALUES (6400, 6230) ON CONFLICT DO NOTHING;
INSERT INTO s335141.discipline_prerequisites (discipline_id, prerequisite_id) VALUES (6150, 6130) ON CONFLICT DO NOTHING;
INSERT INTO s335141.students (id, name, group_id) VALUES (2001, 'Артем Новичков (Начинающий ИИ)', 33000) ON CONFLICT DO NOTHING;
INSERT INTO s335141.student_progress (student_id, discipline_id, grade, is_completed) VALUES (2001, 6196, 5, true) ON CONFLICT DO NOTHING;
INSERT INTO s335141.students (id, name, group_id) VALUES (2002, 'Ирина Профи (Продвинутый ИИ)', 33000) ON CONFLICT DO NOTHING;
INSERT INTO s335141.student_progress (student_id, discipline_id, grade, is_completed) VALUES (2002, 6196, 5, true) ON CONFLICT DO NOTHING;
INSERT INTO s335141.student_progress (student_id, discipline_id, grade, is_completed) VALUES (2002, 6132, 5, true) ON CONFLICT DO NOTHING;
INSERT INTO s335141.student_progress (student_id, discipline_id, grade, is_completed) VALUES (2002, 6383, 5, true) ON CONFLICT DO NOTHING;
INSERT INTO s335141.students (id, name, group_id) VALUES (2003, 'Виктор Геометр (Дизайнер)', 33000) ON CONFLICT DO NOTHING;
INSERT INTO s335141.student_progress (student_id, discipline_id, grade, is_completed) VALUES (2003, 6130, 5, true) ON CONFLICT DO NOTHING;
INSERT INTO s335141.students (id, name, group_id) VALUES (2004, 'Елена Математик (Блокировка ML)', 33000) ON CONFLICT DO NOTHING;
INSERT INTO s335141.student_progress (student_id, discipline_id, grade, is_completed) VALUES (2004, 6196, 5, true) ON CONFLICT DO NOTHING;
INSERT INTO s335141.student_progress (student_id, discipline_id, grade, is_completed) VALUES (2004, 6132, 5, true) ON CONFLICT DO NOTHING;
INSERT INTO s335141.students (id, name, group_id) VALUES (2005, 'Иван Всезнайка', 33000) ON CONFLICT DO NOTHING;
INSERT INTO s335141.student_progress (student_id, discipline_id, grade, is_completed) VALUES (2005, 6196, 5, true) ON CONFLICT DO NOTHING;
INSERT INTO s335141.student_progress (student_id, discipline_id, grade, is_completed) VALUES (2005, 6132, 5, true) ON CONFLICT DO NOTHING;
INSERT INTO s335141.student_progress (student_id, discipline_id, grade, is_completed) VALUES (2005, 6383, 5, true) ON CONFLICT DO NOTHING;
INSERT INTO s335141.student_progress (student_id, discipline_id, grade, is_completed) VALUES (2005, 6230, 5, true) ON CONFLICT DO NOTHING;
INSERT INTO s335141.student_progress (student_id, discipline_id, grade, is_completed) VALUES (2005, 6400, 5, true) ON CONFLICT DO NOTHING;
INSERT INTO s335141.student_progress (student_id, discipline_id, grade, is_completed) VALUES (2005, 6130, 5, true) ON CONFLICT DO NOTHING;
INSERT INTO s335141.student_progress (student_id, discipline_id, grade, is_completed) VALUES (2005, 6150, 5, true) ON CONFLICT DO NOTHING;
COMMIT;