BEGIN;
INSERT INTO s335141.groups (id) VALUES ('P3321') ON CONFLICT DO NOTHING;
INSERT INTO s335141.groups (id) VALUES ('P3322') ON CONFLICT DO NOTHING;
INSERT INTO s335141.groups (id) VALUES ('K3220') ON CONFLICT DO NOTHING;
INSERT INTO s335141.groups (id) VALUES ('K3221') ON CONFLICT DO NOTHING;
INSERT INTO s335141.groups (id) VALUES ('M3101') ON CONFLICT DO NOTHING;
INSERT INTO s335141.students (id, name, group_id, track_id, status_id) VALUES (335141, 'Алексей Иванов (AI)', 'P3321', 10, 1) ON CONFLICT (id) DO UPDATE SET status_id = 1;
INSERT INTO s335141.student_performance (student_id, discipline_id, grade, status) VALUES (335141, 6196, 5, 'Passed') ON CONFLICT DO NOTHING;
INSERT INTO s335141.students (id, name, group_id, track_id, status_id) VALUES (336222, 'Мария Петрова (GameDev)', 'K3220', 11, 1) ON CONFLICT (id) DO UPDATE SET status_id = 1;
INSERT INTO s335141.student_performance (student_id, discipline_id, grade, status) VALUES (336222, 6130, 5, 'Passed') ON CONFLICT DO NOTHING;
INSERT INTO s335141.students (id, name, group_id, track_id, status_id) VALUES (337333, 'Дмитрий Сидоров (Design)', 'P3322', 7, 1) ON CONFLICT (id) DO UPDATE SET status_id = 1;
INSERT INTO s335141.student_performance (student_id, discipline_id, grade, status) VALUES (337333, 6130, 5, 'Passed') ON CONFLICT DO NOTHING;
INSERT INTO s335141.students (id, name, group_id, track_id, status_id) VALUES (408111, 'Елена Соколова (AI Pro)', 'P3321', 10, 1) ON CONFLICT (id) DO UPDATE SET status_id = 1;
INSERT INTO s335141.student_performance (student_id, discipline_id, grade, status) VALUES (408111, 6196, 5, 'Passed') ON CONFLICT DO NOTHING;
INSERT INTO s335141.student_performance (student_id, discipline_id, grade, status) VALUES (408111, 6132, 5, 'Passed') ON CONFLICT DO NOTHING;
INSERT INTO s335141.student_performance (student_id, discipline_id, grade, status) VALUES (408111, 6383, 5, 'Passed') ON CONFLICT DO NOTHING;
INSERT INTO s335141.students (id, name, group_id, track_id, status_id) VALUES (409222, 'Николай Волков (GameDev Pro)', 'K3220', 11, 1) ON CONFLICT (id) DO UPDATE SET status_id = 1;
INSERT INTO s335141.student_performance (student_id, discipline_id, grade, status) VALUES (409222, 6130, 5, 'Passed') ON CONFLICT DO NOTHING;
INSERT INTO s335141.student_performance (student_id, discipline_id, grade, status) VALUES (409222, 6150, 5, 'Passed') ON CONFLICT DO NOTHING;
INSERT INTO s335141.student_performance (student_id, discipline_id, grade, status) VALUES (409222, 6142, 5, 'Passed') ON CONFLICT DO NOTHING;
UPDATE s335141.students SET status_id = 4 WHERE id = 409222;
INSERT INTO s335141.student_performance (student_id, discipline_id, grade, status, attempt_number) VALUES (409222, 6196, 2, 'Failed', 1) ON CONFLICT DO NOTHING;
COMMIT;